course_id,course_name,teacher_id,student_id,semester,year,scheduled_hours,completed_hours,grade,pass_fail
CRS00001,Éducation Physique,TCH008,STU0041,S1,2022-2023,27,,11.32,Réussi
CRS00002,Chimie,TCH009,STU0041,S1,2021-2022,48,47,18.5,Réussi
CRS00003,Dessin Technique,TCH005,STU0041,S2,2023-2024,24,21,16.59,Réussi
CRS00004,Philosophie Générale,TCH012,STU0041,S1,2022-2023,24,18,17.32,Réussi
CRS00005,Chimie,TCH017,STU0041,S1,2022-2023,34,23,6.26,Échoué
CRS00006,Géométrie,TCH018,STU0040,S2,2022-2023,56,50,17.92,Réussi
CRS00007,Histoire,TCH016,STU0040,S1,2022-2023,53,44,3.33,Échoué
CRS00008,Expression Écrite,TCH015,STU0040,S2,2023-2024,53,48,5.28,Échoué
CRS00009,Philosophie Générale,TCH002,STU0040,S1,2022-2023,27,20,7.81,Échoué
CRS00010,Géographie,TCH017,STU0040,S1,2023-2024,38,30,19.21,Réussi
CRS00011,Anglais Oral,TCH010,STU0066,S1,2021-2022,59,51,12.65,Réussi
CRS00012,Dessin Technique,TCH020,STU0066,S1,2021-2022,58,52,,
CRS00013,Anglais Écrit,TCH002,STU0066,S1,2022-2023,56,39,9.5,Échoué
CRS00014,Anglais Écrit,TCH018,STU0066,S2,2022-2023,38,31,16.48,Réussi
CRS00015,Littérature,TCH015,STU0066,S2,2023-2024,24,16,10.72,Réussi
CRS00016,Biologie,TCH005,STU0051,S1,2022-2023,40,34,17.49,Réussi
CRS00017,Littérature,TCH017,STU0051,S1,2021-2022,55,40,6.81,Échoué
CRS00018,Expression Écrite,TCH002,STU0051,S2,2023-2024,38,35,17.58,Réussi
CRS00019,Éducation Physique,TCH011,STU0051,S2,2022-2023,32,26,10.4,Réussi
CRS00020,Anglais Oral,TCH001,STU0051,S2,2021-2022,25,23,6.33,Échoué
CRS00021,Géométrie,TCH002,STU0105,S2,2021-2022,38,37,2.15,Échoué
CRS00022,Algèbre,TCH009,STU0105,S1,2022-2023,43,36,,
CRS00023,Dessin Technique,TCH018,STU0105,S1,2021-2022,38,38,11.9,Réussi
CRS00024,Expression Écrite,TCH004,STU0105,S1,2023-2024,45,37,8.58,Échoué
CRS00025,Philosophie Générale,TCH017,STU0105,S2,2022-2023,45,28,,
CRS00026,Histoire,TCH017,STU0070,S1,2022-2023,49,45,18.76,Réussi
CRS00027,Philosophie Générale,TCH020,STU0070,S2,2022-2023,39,39,11.58,Réussi
CRS00028,Algorithmique,TCH001,STU0070,S1,2023-2024,43,28,12.51,Réussi
CRS00029,Expression Écrite,TCH016,STU0070,S2,2021-2022,36,28,12.5,Réussi
CRS00030,Biologie,TCH008,STU0070,S1,2022-2023,22,14,9.94,Échoué
CRS00031,Philosophie Générale,TCH007,STU0061,S1,2023-2024,46,46,17.71,Réussi
CRS00032,Biologie,TCH005,STU0061,S2,2021-2022,53,41,10.61,Réussi
CRS00033,Anglais Écrit,TCH015,STU0061,S2,2023-2024,54,43,17.62,Réussi
CRS00034,Géographie,TCH016,STU0061,S2,2023-2024,32,23,6.05,Échoué
CRS00035,Philosophie Générale,TCH007,STU0061,S2,2022-2023,51,41,18.82,Réussi
CRS00036,Histoire,TCH004,STU0033,S1,2022-2023,56,45,9.1,Échoué
CRS00037,Géographie,TCH002,STU0033,S2,2021-2022,38,24,9.96,Échoué
CRS00038,Anglais Oral,TCH007,STU0033,S1,2021-2022,54,49,4.47,Échoué
CRS00039,Biologie,TCH002,STU0033,S2,2023-2024,53,38,,
CRS00040,Mécanique,TCH016,STU0033,S1,2022-2023,26,17,,
CRS00041,Éducation Physique,TCH016,STU0005,S1,2023-2024,50,39,13.63,Réussi
CRS00042,Éducation Physique,TCH019,STU0005,S1,2022-2023,34,31,2.67,Échoué
CRS00043,Philosophie Générale,TCH006,STU0005,S2,2021-2022,22,19,5.35,Échoué
CRS00044,Chimie,TCH001,STU0005,S2,2021-2022,39,26,8.03,Échoué
CRS00045,Anglais Écrit,TCH017,STU0005,S2,2023-2024,49,32,15.16,Réussi
CRS00046,Expression Écrite,TCH006,STU0097,S2,2022-2023,20,16,15.63,Réussi
CRS00047,Histoire,TCH017,STU0097,S1,2021-2022,40,27,4.53,Échoué
CRS00048,Philosophie Générale,TCH009,STU0097,S1,2022-2023,44,34,7.44,Échoué
CRS00049,Anglais Écrit,TCH012,STU0097,S2,2023-2024,35,22,4.87,Échoué
CRS00050,Expression Écrite,TCH004,STU0097,S2,2021-2022,60,45,5.98,Échoué
CRS00051,Mécanique,TCH015,STU0083,S1,2021-2022,58,56,10.47,Réussi
CRS00052,Anglais Oral,TCH020,STU0083,S1,2021-2022,25,23,3.41,Échoué
CRS00053,Mécanique,TCH018,STU0083,S2,2021-2022,52,48,7.91,Échoué
CRS00054,Expression Écrite,TCH007,STU0083,S2,2022-2023,57,50,3.0,Échoué
CRS00055,Biologie,TCH019,STU0083,S2,2021-2022,23,23,15.02,Réussi
CRS00056,Algèbre,TCH007,STU0025,S1,2022-2023,57,47,3.15,Échoué
CRS00057,Anglais Écrit,TCH002,STU0025,S2,2022-2023,38,26,19.61,Réussi
CRS00058,Anglais Écrit,TCH013,STU0025,S1,2023-2024,48,40,14.29,Réussi
CRS00059,Littérature,TCH012,STU0025,S1,2021-2022,27,24,4.29,Échoué
CRS00060,Littérature,TCH010,STU0025,S1,2022-2023,49,46,8.83,Échoué
CRS00061,Anglais Écrit,TCH012,STU0037,S2,2023-2024,29,28,2.58,Échoué
CRS00062,Anglais Écrit,TCH001,STU0037,S1,2021-2022,35,22,10.04,Réussi
CRS00063,Algèbre,TCH002,STU0037,S1,2023-2024,45,44,17.55,Réussi
CRS00064,Algorithmique,TCH010,STU0037,S2,2021-2022,34,31,12.39,Réussi
CRS00065,Algèbre,TCH010,STU0037,S1,2023-2024,29,25,7.41,Échoué
CRS00066,Algorithmique,TCH014,STU0046,S2,2023-2024,55,44,14.08,Réussi
CRS00067,Littérature,TCH014,STU0046,S1,2022-2023,46,39,11.68,Réussi
CRS00068,Mécanique,TCH005,STU0046,S1,2022-2023,49,46,9.5,Échoué
CRS00069,Géométrie,TCH008,STU0046,S1,2021-2022,36,23,17.25,Réussi
CRS00070,Algorithmique,TCH009,STU0046,S1,2022-2023,44,27,5.39,Échoué
CRS00071,Philosophie Générale,TCH007,STU0100,S1,2023-2024,41,24,5.42,Échoué
CRS00072,Mécanique,TCH016,STU0100,S2,2022-2023,35,32,18.47,Réussi
CRS00073,Éducation Physique,TCH013,STU0100,S2,2022-2023,49,40,8.47,Échoué
CRS00074,Biologie,TCH004,STU0100,S1,2023-2024,50,40,8.67,Échoué
CRS00075,Philosophie Générale,TCH008,STU0100,S2,2022-2023,29,,12.51,Réussi
CRS00076,Mécanique,TCH005,STU0007,S2,2022-2023,32,25,6.42,Échoué
CRS00077,Chimie,TCH016,STU0007,S1,2023-2024,51,41,14.97,Réussi
CRS00078,Anglais Écrit,TCH002,STU0007,S1,2021-2022,53,,19.01,Réussi
CRS00079,Littérature,TCH014,STU0007,S2,2022-2023,28,19,4.72,Échoué
CRS00080,Algèbre,TCH002,STU0007,S1,2023-2024,59,54,13.87,Réussi
CRS00081,Géographie,TCH018,STU0084,S1,2023-2024,46,,6.95,Échoué
CRS00082,Anglais Oral,TCH014,STU0084,S2,2022-2023,31,19,6.34,Échoué
CRS00083,Philosophie Générale,TCH009,STU0084,S1,2022-2023,45,39,6.38,Échoué
CRS00084,Anglais Écrit,TCH003,STU0084,S1,2023-2024,22,19,10.57,Réussi
CRS00085,Dessin Technique,TCH006,STU0084,S1,2023-2024,25,21,7.96,Échoué
CRS00086,Géographie,TCH002,STU0043,S1,2021-2022,34,33,12.2,Réussi
CRS00087,Algèbre,TCH009,STU0043,S1,2023-2024,54,33,17.31,Réussi
CRS00088,Dessin Technique,TCH005,STU0043,S2,2023-2024,45,36,6.33,Échoué
CRS00089,Géométrie,TCH018,STU0043,S2,2021-2022,41,28,14.41,Réussi
CRS00090,Anglais Oral,TCH004,STU0043,S2,2022-2023,47,30,15.84,Réussi
CRS00091,Biologie,TCH001,STU0035,S2,2021-2022,60,50,8.4,Échoué
CRS00092,Géométrie,TCH019,STU0035,S2,2021-2022,44,35,14.84,Réussi
CRS00093,Algèbre,TCH013,STU0035,S2,2022-2023,60,48,3.92,Échoué
CRS00094,Mécanique,TCH012,STU0035,S2,2021-2022,37,24,10.08,Réussi
CRS00095,Dessin Technique,TCH001,STU0035,S2,2021-2022,25,16,16.12,Réussi
CRS00096,Littérature,TCH010,STU0016,S1,2023-2024,46,29,12.07,Réussi
CRS00097,Expression Écrite,TCH013,STU0016,S2,2022-2023,30,22,4.63,Échoué
CRS00098,Philosophie Générale,TCH014,STU0016,S2,2023-2024,39,25,19.0,Réussi
CRS00099,Histoire,TCH020,STU0016,S2,2022-2023,32,21,19.08,Réussi
CRS00100,Philosophie Générale,TCH015,STU0016,S1,2022-2023,41,28,12.86,Réussi
CRS00101,Chimie,TCH011,STU0048,S1,2022-2023,31,23,14.51,Réussi
CRS00102,Littérature,TCH013,STU0048,S1,2023-2024,37,34,18.78,Réussi
CRS00103,Algorithmique,TCH018,STU0048,S2,2023-2024,21,19,5.77,Échoué
CRS00104,Anglais Écrit,TCH003,STU0048,S1,2023-2024,46,31,6.36,Échoué
CRS00105,Éducation Physique,TCH014,STU0048,S2,2023-2024,44,41,11.62,Réussi
CRS00106,Géométrie,TCH002,STU0056,S1,2023-2024,43,42,18.46,Réussi
CRS00107,Anglais Écrit,TCH012,STU0056,S2,2022-2023,30,18,13.61,Réussi
CRS00108,Mécanique,TCH014,STU0056,S1,2022-2023,26,,11.19,Réussi
CRS00109,Algèbre,TCH012,STU0056,S2,2021-2022,45,45,4.71,Échoué
CRS00110,Expression Écrite,TCH010,STU0056,S2,2022-2023,46,29,18.93,Réussi
CRS00111,Chimie,TCH011,STU0052,S2,2022-2023,49,45,10.57,Réussi
CRS00112,Histoire,TCH003,STU0052,S1,2023-2024,39,,2.41,Échoué
CRS00113,Chimie,TCH006,STU0052,S1,2022-2023,35,29,12.08,Réussi
CRS00114,Éducation Physique,TCH006,STU0052,S1,2022-2023,31,24,15.27,Réussi
CRS00115,Algorithmique,TCH019,STU0052,S1,2023-2024,47,34,15.54,Réussi
CRS00116,Anglais Écrit,TCH004,STU0096,S2,2023-2024,54,42,4.05,Échoué
CRS00117,Dessin Technique,TCH011,STU0096,S2,2023-2024,58,46,8.26,Échoué
CRS00118,Littérature,TCH006,STU0096,S2,2021-2022,39,25,7.64,Échoué
CRS00119,Anglais Oral,TCH006,STU0096,S2,2022-2023,43,41,12.74,Réussi
CRS00120,Expression Écrite,TCH006,STU0096,S2,2022-2023,51,50,5.12,Échoué
CRS00121,Algèbre,TCH005,STU0057,S2,2021-2022,31,25,17.58,Réussi
CRS00122,Chimie,TCH007,STU0057,S2,2023-2024,44,42,9.36,Échoué
CRS00123,Algorithmique,TCH015,STU0057,S1,2022-2023,51,48,,
CRS00124,Philosophie Générale,TCH002,STU0057,S2,2023-2024,37,31,10.23,Réussi
CRS00125,Histoire,TCH017,STU0057,S1,2023-2024,27,20,16.82,Réussi
CRS00126,Algorithmique,TCH015,STU0050,S1,2022-2023,54,45,16.94,Réussi
CRS00127,Algorithmique,TCH002,STU0050,S1,2021-2022,48,30,19.89,Réussi
CRS00128,Littérature,TCH019,STU0050,S1,2021-2022,42,38,4.51,Échoué
CRS00129,Géographie,TCH019,STU0050,S2,2023-2024,42,42,19.62,Réussi
CRS00130,Algorithmique,TCH009,STU0050,S2,2021-2022,52,52,4.44,Échoué
CRS00131,Dessin Technique,TCH009,STU0044,S1,2023-2024,28,18,14.81,Réussi
CRS00132,Chimie,TCH013,STU0044,S1,2023-2024,51,50,9.46,Échoué
CRS00133,Chimie,TCH003,STU0044,S2,2022-2023,45,35,17.79,Réussi
CRS00134,Anglais Écrit,TCH019,STU0044,S2,2021-2022,20,13,10.25,Réussi
CRS00135,Histoire,TCH018,STU0044,S2,2022-2023,45,40,10.9,Réussi
CRS00136,Algorithmique,TCH018,STU0024,S1,2021-2022,56,48,18.09,Réussi
CRS00137,Éducation Physique,TCH004,STU0024,S1,2022-2023,60,50,,
CRS00138,Expression Écrite,TCH015,STU0024,S2,2021-2022,20,18,14.39,Réussi
CRS00139,Anglais Écrit,TCH009,STU0024,S1,2021-2022,25,19,13.96,Réussi
CRS00140,Géométrie,TCH013,STU0024,S1,2021-2022,60,58,9.73,Échoué
CRS00141,Algèbre,TCH007,STU0064,S1,2023-2024,50,48,14.24,Réussi
CRS00142,Littérature,TCH011,STU0064,S2,2021-2022,27,22,10.6,Réussi
CRS00143,Algorithmique,TCH004,STU0064,S1,2023-2024,26,19,15.92,Réussi
CRS00144,Histoire,TCH005,STU0064,S1,2023-2024,24,14,4.95,Échoué
CRS00145,Géométrie,TCH005,STU0064,S1,2021-2022,46,41,3.56,Échoué
CRS00146,Géographie,TCH019,STU0089,S1,2021-2022,44,39,4.52,Échoué
CRS00147,Algèbre,TCH018,STU0089,S2,2021-2022,58,53,18.94,Réussi
CRS00148,Algorithmique,TCH017,STU0089,S1,2022-2023,58,57,13.63,Réussi
CRS00149,Algèbre,TCH013,STU0089,S2,2022-2023,27,26,11.51,Réussi
CRS00150,Expression Écrite,TCH005,STU0089,S2,2021-2022,44,44,11.83,Réussi
CRS00151,Algorithmique,TCH001,STU0092,S2,2023-2024,57,42,18.61,Réussi
CRS00152,Géométrie,TCH010,STU0092,S1,2022-2023,60,60,14.63,Réussi
CRS00153,Histoire,TCH003,STU0092,S2,2023-2024,39,29,4.8,Échoué
CRS00154,Géométrie,TCH003,STU0092,S2,2021-2022,39,30,,
CRS00155,Expression Écrite,TCH015,STU0092,S1,2021-2022,59,44,13.84,Réussi
CRS00156,Philosophie Générale,TCH005,STU0106,S2,2021-2022,20,17,16.09,Réussi
CRS00157,Éducation Physique,TCH012,STU0106,S1,2022-2023,28,20,4.13,Échoué
CRS00158,Géométrie,TCH014,STU0106,S2,2022-2023,37,30,12.38,Réussi
CRS00159,Algorithmique,TCH017,STU0106,S1,2023-2024,43,43,4.83,Échoué
CRS00160,Dessin Technique,TCH004,STU0106,S1,2021-2022,34,20,,
CRS00161,Algèbre,TCH002,STU0067,S2,2021-2022,50,34,19.29,Réussi
CRS00162,Anglais Oral,TCH011,STU0067,S2,2021-2022,35,32,16.87,Réussi
CRS00163,Géométrie,TCH017,STU0067,S2,2022-2023,23,21,19.17,Réussi
CRS00164,Littérature,TCH010,STU0067,S2,2023-2024,40,38,,
CRS00165,Algorithmique,TCH010,STU0067,S1,2023-2024,59,46,10.88,Réussi
CRS00166,Histoire,TCH018,STU0102,S1,2022-2023,35,35,6.19,Échoué
CRS00167,Littérature,TCH001,STU0102,S2,2022-2023,44,35,11.54,Réussi
CRS00168,Littérature,TCH002,STU0102,S2,2023-2024,29,18,,
CRS00169,Anglais Écrit,TCH012,STU0102,S2,2021-2022,49,31,11.1,Réussi
CRS00170,Géographie,TCH019,STU0102,S2,2022-2023,56,54,6.26,Échoué
CRS00171,Algorithmique,TCH011,STU0011,S1,2021-2022,40,31,5.65,Échoué
CRS00172,Algorithmique,TCH004,STU0011,S1,2022-2023,30,23,11.65,Réussi
CRS00173,Géographie,TCH010,STU0011,S1,2021-2022,49,32,16.54,Réussi
CRS00174,Algèbre,TCH011,STU0011,S2,2022-2023,29,20,9.13,Échoué
CRS00175,Géométrie,TCH006,STU0011,S2,2021-2022,21,19,11.9,Réussi
CRS00176,Expression Écrite,TCH005,STU0055,S1,2022-2023,27,,19.69,Réussi
CRS00177,Dessin Technique,TCH012,STU0055,S1,2021-2022,60,38,6.66,Échoué
CRS00178,Dessin Technique,TCH003,STU0055,S2,2021-2022,32,26,3.66,Échoué
CRS00179,Chimie,TCH002,STU0055,S1,2022-2023,49,47,15.04,Réussi
CRS00180,Expression Écrite,TCH014,STU0055,S1,2023-2024,31,20,10.03,Réussi
CRS00181,Chimie,TCH020,STU0086,S1,2021-2022,59,44,17.89,Réussi
CRS00182,Littérature,TCH009,STU0086,S1,2022-2023,44,32,16.35,Réussi
CRS00183,Histoire,TCH012,STU0086,S2,2022-2023,50,45,12.18,Réussi
CRS00184,Algorithmique,TCH006,STU0086,S2,2021-2022,21,15,,
CRS00185,Géométrie,TCH016,STU0086,S1,2023-2024,53,49,19.53,Réussi
CRS00186,Anglais Oral,TCH008,STU0099,S2,2022-2023,37,23,19.06,Réussi
CRS00187,Éducation Physique,TCH006,STU0099,S1,2023-2024,31,23,14.56,Réussi
CRS00188,Algorithmique,TCH012,STU0099,S2,2023-2024,56,51,17.06,Réussi
CRS00189,Anglais Oral,TCH010,STU0099,S1,2021-2022,31,19,,
CRS00190,Expression Écrite,TCH017,STU0099,S2,2023-2024,50,,5.63,Échoué
CRS00191,Algorithmique,TCH006,STU0078,S1,2023-2024,40,28,18.51,Réussi
CRS00192,Géographie,TCH012,STU0078,S2,2021-2022,24,24,3.82,Échoué
CRS00193,Mécanique,TCH006,STU0078,S2,2021-2022,47,43,5.14,Échoué
CRS00194,Philosophie Générale,TCH019,STU0078,S1,2023-2024,31,29,4.29,Échoué
CRS00195,Anglais Oral,TCH019,STU0078,S2,2023-2024,45,45,,
CRS00196,Littérature,TCH008,STU0093,S2,2022-2023,60,51,15.42,Réussi
CRS00197,Philosophie Générale,TCH006,STU0093,S2,2022-2023,60,38,14.06,Réussi
CRS00198,Philosophie Générale,TCH001,STU0093,S1,2021-2022,36,23,16.17,Réussi
CRS00199,Biologie,TCH013,STU0093,S2,2023-2024,48,33,10.88,Réussi
CRS00200,Expression Écrite,TCH013,STU0093,S2,2021-2022,26,24,14.37,Réussi
CRS00201,Histoire,TCH002,STU0115,S1,2022-2023,38,,3.89,Échoué
CRS00202,Éducation Physique,TCH006,STU0115,S2,2023-2024,24,15,19.73,Réussi
CRS00203,Algèbre,TCH001,STU0115,S1,2022-2023,47,33,9.82,Échoué
CRS00204,Géographie,TCH007,STU0115,S2,2022-2023,32,27,15.14,Réussi
CRS00205,Expression Écrite,TCH008,STU0115,S1,2022-2023,26,,17.12,Réussi
CRS00206,Littérature,TCH001,STU0038,S1,2023-2024,47,47,3.75,Échoué
CRS00207,Chimie,TCH010,STU0038,S2,2021-2022,25,16,9.15,Échoué
CRS00208,Géographie,TCH018,STU0038,S2,2022-2023,44,38,10.02,Réussi
CRS00209,Anglais Écrit,TCH009,STU0038,S1,2021-2022,34,29,15.54,Réussi
CRS00210,Biologie,TCH012,STU0038,S2,2023-2024,54,50,3.1,Échoué
CRS00211,Dessin Technique,TCH016,STU0042,S1,2023-2024,56,48,9.11,Échoué
CRS00212,Algorithmique,TCH019,STU0042,S2,2021-2022,53,52,4.65,Échoué
CRS00213,Géométrie,TCH006,STU0042,S2,2021-2022,33,21,,
CRS00214,Biologie,TCH005,STU0042,S2,2023-2024,58,57,3.21,Échoué
CRS00215,Mécanique,TCH011,STU0042,S2,2021-2022,37,22,13.22,Réussi
CRS00216,Géométrie,TCH014,STU0014,S1,2023-2024,29,26,19.37,Réussi
CRS00217,Anglais Écrit,TCH004,STU0014,S2,2023-2024,38,33,6.75,Échoué
CRS00218,Anglais Oral,TCH020,STU0014,S2,2021-2022,50,,4.59,Échoué
CRS00219,Éducation Physique,TCH013,STU0014,S2,2021-2022,41,25,18.58,Réussi
CRS00220,Dessin Technique,TCH011,STU0014,S1,2021-2022,39,38,14.33,Réussi
CRS00221,Anglais Écrit,TCH010,STU0104,S1,2021-2022,48,38,9.5,Échoué
CRS00222,Dessin Technique,TCH015,STU0104,S2,2021-2022,33,25,15.67,Réussi
CRS00223,Dessin Technique,TCH017,STU0104,S1,2021-2022,30,29,4.44,Échoué
CRS00224,Algèbre,TCH007,STU0104,S2,2023-2024,32,22,,
CRS00225,Géométrie,TCH007,STU0104,S1,2021-2022,37,36,13.44,Réussi
CRS00226,Mécanique,TCH012,STU0082,S2,2022-2023,51,35,10.54,Réussi
CRS00227,Expression Écrite,TCH006,STU0082,S1,2021-2022,36,23,8.96,Échoué
CRS00228,Algorithmique,TCH008,STU0082,S1,2022-2023,33,25,17.56,Réussi
CRS00229,Géographie,TCH005,STU0082,S2,2022-2023,31,18,12.95,Réussi
CRS00230,Dessin Technique,TCH013,STU0082,S2,2023-2024,42,31,14.19,Réussi
CRS00231,Géographie,TCH004,STU0079,S2,2023-2024,20,17,12.69,Réussi
CRS00232,Géographie,TCH004,STU0079,S2,2021-2022,50,38,17.51,Réussi
CRS00233,Anglais Oral,TCH005,STU0079,S2,2023-2024,53,32,16.44,Réussi
CRS00234,Éducation Physique,TCH011,STU0079,S2,2022-2023,28,26,7.32,Échoué
CRS00235,Philosophie Générale,TCH013,STU0079,S1,2023-2024,22,22,8.18,Échoué
CRS00236,Expression Écrite,TCH018,STU0119,S1,2022-2023,60,57,7.4,Échoué
CRS00237,Éducation Physique,TCH004,STU0119,S1,2023-2024,50,38,12.06,Réussi
CRS00238,Algorithmique,TCH011,STU0119,S2,2022-2023,25,18,7.53,Échoué
CRS00239,Anglais Oral,TCH009,STU0119,S1,2022-2023,57,37,17.6,Réussi
CRS00240,Algèbre,TCH007,STU0119,S1,2021-2022,52,52,7.37,Échoué
CRS00241,Expression Écrite,TCH007,STU0058,S1,2022-2023,41,38,17.52,Réussi
CRS00242,Géographie,TCH011,STU0058,S1,2021-2022,60,46,2.08,Échoué
CRS00243,Biologie,TCH019,STU0058,S2,2022-2023,30,30,4.33,Échoué
CRS00244,Algèbre,TCH014,STU0058,S2,2023-2024,50,31,15.15,Réussi
CRS00245,Géographie,TCH007,STU0058,S1,2021-2022,21,15,17.79,Réussi
CRS00246,Géographie,TCH013,STU0085,S2,2023-2024,52,36,2.82,Échoué
CRS00247,Histoire,TCH017,STU0085,S2,2022-2023,58,47,19.92,Réussi
CRS00248,Philosophie Générale,TCH007,STU0085,S1,2021-2022,30,30,6.11,Échoué
CRS00249,Algèbre,TCH001,STU0085,S2,2023-2024,57,37,13.71,Réussi
CRS00250,Anglais Écrit,TCH009,STU0085,S1,2021-2022,54,51,13.92,Réussi
CRS00251,Expression Écrite,TCH004,STU0022,S1,2023-2024,46,30,10.54,Réussi
CRS00252,Anglais Oral,TCH001,STU0022,S1,2022-2023,39,26,6.86,Échoué
CRS00253,Chimie,TCH004,STU0022,S1,2023-2024,52,34,16.13,Réussi
CRS00254,Expression Écrite,TCH007,STU0022,S1,2023-2024,36,27,9.38,Échoué
CRS00255,Anglais Écrit,TCH016,STU0022,S1,2021-2022,33,26,2.05,Échoué
CRS00256,Philosophie Générale,TCH019,STU0111,S1,2022-2023,51,32,3.35,Échoué
CRS00257,Dessin Technique,TCH008,STU0111,S1,2021-2022,49,38,2.9,Échoué
CRS00258,Dessin Technique,TCH010,STU0111,S1,2021-2022,43,35,4.09,Échoué
CRS00259,Philosophie Générale,TCH005,STU0111,S1,2022-2023,30,25,6.83,Échoué
CRS00260,Biologie,TCH011,STU0111,S2,2022-2023,31,24,6.89,Échoué
CRS00261,Dessin Technique,TCH006,STU0045,S1,2021-2022,27,27,,
CRS00262,Biologie,TCH014,STU0045,S2,2023-2024,57,52,5.26,Échoué
CRS00263,Algèbre,TCH001,STU0045,S1,2022-2023,28,23,9.4,Échoué
CRS00264,Anglais Oral,TCH011,STU0045,S1,2023-2024,20,20,12.38,Réussi
CRS00265,Philosophie Générale,TCH011,STU0045,S1,2022-2023,53,53,9.79,Échoué
CRS00266,Algèbre,TCH012,STU0072,S1,2023-2024,44,43,13.03,Réussi
CRS00267,Histoire,TCH016,STU0072,S2,2021-2022,51,32,7.77,Échoué
CRS00268,Chimie,TCH017,STU0072,S2,2023-2024,34,26,6.23,Échoué
CRS00269,Philosophie Générale,TCH015,STU0072,S1,2021-2022,25,22,19.65,Réussi
CRS00270,Algorithmique,TCH013,STU0072,S2,2023-2024,46,,16.87,Réussi
CRS00271,Algèbre,TCH018,STU0006,S1,2022-2023,33,26,8.54,Échoué
CRS00272,Philosophie Générale,TCH011,STU0006,S2,2021-2022,55,52,13.83,Réussi
CRS00273,Algorithmique,TCH004,STU0006,S2,2023-2024,34,,13.41,Réussi
CRS00274,Dessin Technique,TCH017,STU0006,S2,2021-2022,43,26,10.86,Réussi
CRS00275,Chimie,TCH009,STU0006,S1,2023-2024,59,38,9.07,Échoué
CRS00276,Anglais Oral,TCH011,STU0107,S1,2022-2023,26,15,17.07,Réussi
CRS00277,Philosophie Générale,TCH015,STU0107,S1,2023-2024,57,38,2.08,Échoué
CRS00278,Philosophie Générale,TCH014,STU0107,S1,2023-2024,57,50,18.38,Réussi
CRS00279,Éducation Physique,TCH005,STU0107,S2,2022-2023,26,24,7.79,Échoué
CRS00280,Expression Écrite,TCH020,STU0107,S1,2022-2023,35,26,10.15,Réussi
CRS00281,Éducation Physique,TCH020,STU0110,S1,2021-2022,52,48,14.81,Réussi
CRS00282,Philosophie Générale,TCH007,STU0110,S1,2023-2024,59,56,14.1,Réussi
CRS00283,Anglais Oral,TCH018,STU0110,S2,2023-2024,60,39,12.12,Réussi
CRS00284,Algèbre,TCH018,STU0110,S2,2021-2022,38,35,11.41,Réussi
CRS00285,Expression Écrite,TCH002,STU0110,S1,2023-2024,23,15,14.3,Réussi
CRS00286,Anglais Oral,TCH010,STU0018,S1,2023-2024,33,19,10.15,Réussi
CRS00287,Biologie,TCH018,STU0018,S2,2022-2023,44,35,2.85,Échoué
CRS00288,Dessin Technique,TCH011,STU0018,S2,2021-2022,55,41,17.64,Réussi
CRS00289,Littérature,TCH012,STU0018,S2,2022-2023,57,53,15.05,Réussi
CRS00290,Algèbre,TCH006,STU0018,S2,2022-2023,24,16,4.15,Échoué
CRS00291,Chimie,TCH018,STU0120,S1,2021-2022,36,29,,
CRS00292,Histoire,TCH005,STU0120,S1,2023-2024,40,33,12.31,Réussi
CRS00293,Expression Écrite,TCH011,STU0120,S2,2023-2024,53,36,16.15,Réussi
CRS00294,Histoire,TCH018,STU0120,S2,2022-2023,45,34,13.94,Réussi
CRS00295,Algèbre,TCH007,STU0120,S1,2023-2024,59,52,19.66,Réussi
CRS00296,Algèbre,TCH012,STU0117,S2,2022-2023,48,48,13.18,Réussi
CRS00297,Mécanique,TCH004,STU0117,S2,2023-2024,44,35,,
CRS00298,Mécanique,TCH017,STU0117,S1,2021-2022,48,37,5.47,Échoué
CRS00299,Algorithmique,TCH006,STU0117,S1,2023-2024,54,52,14.07,Réussi
CRS00300,Biologie,TCH014,STU0117,S1,2023-2024,26,26,15.34,Réussi
CRS00301,Géométrie,TCH005,STU0004,S1,2021-2022,21,17,,
CRS00302,Chimie,TCH009,STU0004,S2,2022-2023,55,40,9.34,Échoué
CRS00303,Anglais Oral,TCH011,STU0004,S1,2023-2024,21,13,13.55,Réussi
CRS00304,Géographie,TCH019,STU0004,S2,2023-2024,22,14,11.05,Réussi
CRS00305,Algèbre,TCH003,STU0004,S2,2021-2022,38,36,16.8,Réussi
CRS00306,Géographie,TCH018,STU0112,S1,2022-2023,34,26,17.29,Réussi
CRS00307,Anglais Oral,TCH012,STU0112,S2,2023-2024,20,20,2.75,Échoué
CRS00308,Dessin Technique,TCH018,STU0112,S1,2021-2022,25,20,18.3,Réussi
CRS00309,Algorithmique,TCH006,STU0112,S1,2023-2024,34,24,5.26,Échoué
CRS00310,Philosophie Générale,TCH015,STU0112,S2,2022-2023,55,54,3.77,Échoué
CRS00311,Éducation Physique,TCH012,STU0103,S1,2022-2023,28,19,13.15,Réussi
CRS00312,Anglais Oral,TCH016,STU0103,S2,2022-2023,48,37,4.74,Échoué
CRS00313,Philosophie Générale,TCH014,STU0103,S2,2022-2023,30,,5.99,Échoué
CRS00314,Histoire,TCH012,STU0103,S2,2022-2023,28,21,10.33,Réussi
CRS00315,Dessin Technique,TCH018,STU0103,S1,2023-2024,26,24,7.05,Échoué
CRS00316,Dessin Technique,TCH007,STU0062,S1,2023-2024,36,23,18.06,Réussi
CRS00317,Mécanique,TCH019,STU0062,S2,2023-2024,45,33,11.93,Réussi
CRS00318,Chimie,TCH005,STU0062,S1,2022-2023,43,43,7.24,Échoué
CRS00319,Anglais Oral,TCH012,STU0062,S1,2023-2024,52,,19.35,Réussi
CRS00320,Expression Écrite,TCH005,STU0062,S2,2022-2023,48,46,13.87,Réussi
CRS00321,Algèbre,TCH002,STU0026,S1,2023-2024,34,23,8.65,Échoué
CRS00322,Anglais Écrit,TCH012,STU0026,S2,2021-2022,44,40,2.72,Échoué
CRS00323,Expression Écrite,TCH017,STU0026,S2,2023-2024,60,59,11.8,Réussi
CRS00324,Éducation Physique,TCH013,STU0026,S1,2023-2024,43,27,8.77,Échoué
CRS00325,Anglais Oral,TCH013,STU0026,S1,2023-2024,42,36,10.68,Réussi
CRS00326,Expression Écrite,TCH005,STU0081,S1,2021-2022,48,30,7.05,Échoué
CRS00327,Histoire,TCH012,STU0081,S1,2022-2023,58,37,9.46,Échoué
CRS00328,Littérature,TCH016,STU0081,S1,2021-2022,50,35,9.4,Échoué
CRS00329,Expression Écrite,TCH019,STU0081,S1,2021-2022,57,54,18.03,Réussi
CRS00330,Algèbre,TCH009,STU0081,S2,2021-2022,31,24,12.14,Réussi
CRS00331,Dessin Technique,TCH007,STU0113,S2,2023-2024,48,43,5.07,Échoué
CRS00332,Expression Écrite,TCH005,STU0113,S2,2022-2023,57,39,11.19,Réussi
CRS00333,Littérature,TCH020,STU0113,S2,2021-2022,57,46,3.95,Échoué
CRS00334,Mécanique,TCH020,STU0113,S1,2021-2022,26,24,17.8,Réussi
CRS00335,Algorithmique,TCH016,STU0113,S2,2023-2024,28,24,18.15,Réussi
CRS00336,Chimie,TCH014,STU0098,S2,2022-2023,43,41,18.89,Réussi
CRS00337,Éducation Physique,TCH019,STU0098,S1,2022-2023,56,37,15.79,Réussi
CRS00338,Philosophie Générale,TCH020,STU0098,S1,2023-2024,54,38,,
CRS00339,Histoire,TCH017,STU0098,S2,2022-2023,27,22,14.38,Réussi
CRS00340,Biologie,TCH004,STU0098,S2,2023-2024,29,26,17.39,Réussi
CRS00341,Expression Écrite,TCH009,STU0091,S2,2023-2024,45,40,12.04,Réussi
CRS00342,Biologie,TCH018,STU0091,S1,2023-2024,50,39,15.94,Réussi
CRS00343,Mécanique,TCH004,STU0091,S2,2022-2023,34,31,3.81,Échoué
CRS00344,Biologie,TCH018,STU0091,S1,2021-2022,59,57,,
CRS00345,Histoire,TCH005,STU0091,S1,2023-2024,50,43,6.74,Échoué
CRS00346,Philosophie Générale,TCH002,STU0094,S1,2021-2022,44,38,11.38,Réussi
CRS00347,Mécanique,TCH016,STU0094,S2,2021-2022,48,,18.75,Réussi
CRS00348,Algèbre,TCH002,STU0094,S2,2021-2022,58,56,5.05,Échoué
CRS00349,Biologie,TCH001,STU0094,S2,2023-2024,30,22,8.36,Échoué
CRS00350,Mécanique,TCH007,STU0094,S2,2023-2024,53,,18.55,Réussi
CRS00351,Chimie,TCH018,STU0076,S2,2023-2024,57,42,19.34,Réussi
CRS00352,Histoire,TCH001,STU0076,S1,2023-2024,36,24,11.06,Réussi
CRS00353,Biologie,TCH009,STU0076,S2,2021-2022,54,50,9.97,Échoué
CRS00354,Géographie,TCH011,STU0076,S1,2022-2023,49,47,10.68,Réussi
CRS00355,Algèbre,TCH008,STU0076,S2,2021-2022,34,26,11.3,Réussi
CRS00356,Chimie,TCH010,STU0002,S2,2022-2023,25,20,18.77,Réussi
CRS00357,Chimie,TCH007,STU0002,S1,2021-2022,56,56,18.38,Réussi
CRS00358,Histoire,TCH008,STU0002,S1,2021-2022,36,27,17.05,Réussi
CRS00359,Dessin Technique,TCH004,STU0002,S1,2022-2023,25,25,2.12,Échoué
CRS00360,Algorithmique,TCH012,STU0002,S2,2022-2023,59,53,10.83,Réussi
CRS00361,Mécanique,TCH008,STU0010,S1,2023-2024,56,49,10.61,Réussi
CRS00362,Mécanique,TCH012,STU0010,S2,2022-2023,45,32,4.17,Échoué
CRS00363,Anglais Oral,TCH001,STU0010,S2,2021-2022,20,18,7.86,Échoué
CRS00364,Expression Écrite,TCH018,STU0010,S2,2022-2023,36,36,8.18,Échoué
CRS00365,Chimie,TCH007,STU0010,S1,2023-2024,46,38,9.21,Échoué
CRS00366,Mécanique,TCH005,STU0039,S2,2022-2023,56,36,16.47,Réussi
CRS00367,Expression Écrite,TCH007,STU0039,S2,2022-2023,29,28,16.5,Réussi
CRS00368,Géographie,TCH005,STU0039,S1,2022-2023,60,59,10.76,Réussi
CRS00369,Chimie,TCH004,STU0039,S2,2022-2023,30,22,13.34,Réussi
CRS00370,Histoire,TCH012,STU0039,S1,2023-2024,43,33,9.41,Échoué
CRS00371,Chimie,TCH019,STU0114,S2,2021-2022,54,41,14.12,Réussi
CRS00372,Anglais Écrit,TCH013,STU0114,S2,2022-2023,59,55,17.63,Réussi
CRS00373,Histoire,TCH020,STU0114,S2,2023-2024,56,35,8.19,Échoué
CRS00374,Dessin Technique,TCH010,STU0114,S2,2023-2024,37,34,10.01,Réussi
CRS00375,Expression Écrite,TCH019,STU0114,S1,2023-2024,53,44,17.38,Réussi
CRS00376,Éducation Physique,TCH009,STU0029,S2,2023-2024,25,21,3.15,Échoué
CRS00377,Géographie,TCH002,STU0029,S1,2021-2022,21,20,3.5,Échoué
CRS00378,Mécanique,TCH013,STU0029,S1,2021-2022,39,32,4.28,Échoué
CRS00379,Dessin Technique,TCH002,STU0029,S2,2023-2024,42,35,10.41,Réussi
CRS00380,Chimie,TCH015,STU0029,S2,2023-2024,28,27,12.63,Réussi
CRS00381,Chimie,TCH018,STU0003,S2,2022-2023,39,38,16.48,Réussi
CRS00382,Dessin Technique,TCH014,STU0003,S1,2022-2023,36,21,,
CRS00383,Algèbre,TCH010,STU0003,S2,2022-2023,50,45,10.59,Réussi
CRS00384,Mécanique,TCH020,STU0003,S2,2022-2023,34,28,9.41,Échoué
CRS00385,Géographie,TCH008,STU0003,S1,2022-2023,30,28,8.81,Échoué
CRS00386,Géographie,TCH008,STU0009,S2,2022-2023,53,50,14.32,Réussi
CRS00387,Chimie,TCH007,STU0009,S2,2023-2024,24,18,10.2,Réussi
CRS00388,Algèbre,TCH020,STU0009,S1,2021-2022,51,30,19.45,Réussi
CRS00389,Expression Écrite,TCH010,STU0009,S1,2022-2023,37,36,6.19,Échoué
CRS00390,Algorithmique,TCH007,STU0009,S1,2022-2023,41,39,10.35,Réussi
CRS00391,Expression Écrite,TCH003,STU0059,S1,2022-2023,29,29,11.78,Réussi
CRS00392,Littérature,TCH013,STU0059,S1,2021-2022,20,15,19.55,Réussi
CRS00393,Géographie,TCH015,STU0059,S2,2021-2022,26,18,14.27,Réussi
CRS00394,Histoire,TCH002,STU0059,S1,2023-2024,55,41,7.38,Échoué
CRS00395,Géographie,TCH007,STU0059,S1,2022-2023,27,22,5.01,Échoué
CRS00396,Algorithmique,TCH008,STU0101,S1,2021-2022,20,19,4.79,Échoué
CRS00397,Algorithmique,TCH006,STU0101,S1,2021-2022,51,49,19.45,Réussi
CRS00398,Histoire,TCH012,STU0101,S2,2022-2023,29,29,10.78,Réussi
CRS00399,Algèbre,TCH007,STU0101,S2,2023-2024,21,17,6.51,Échoué
CRS00400,Mécanique,TCH015,STU0101,S2,2022-2023,55,55,12.2,Réussi
CRS00401,Géographie,TCH015,STU0071,S2,2023-2024,37,27,4.79,Échoué
CRS00402,Expression Écrite,TCH012,STU0071,S1,2023-2024,49,,8.82,Échoué
CRS00403,Dessin Technique,TCH012,STU0071,S2,2021-2022,59,58,19.41,Réussi
CRS00404,Anglais Écrit,TCH017,STU0071,S2,2021-2022,51,34,7.81,Échoué
CRS00405,Dessin Technique,TCH004,STU0071,S1,2021-2022,53,32,4.34,Échoué
CRS00406,Anglais Écrit,TCH004,STU0073,S2,2023-2024,51,31,17.05,Réussi
CRS00407,Algèbre,TCH020,STU0073,S1,2023-2024,57,45,14.92,Réussi
CRS00408,Éducation Physique,TCH016,STU0073,S2,2022-2023,25,25,12.04,Réussi
CRS00409,Géométrie,TCH002,STU0073,S1,2023-2024,59,36,17.02,Réussi
CRS00410,Anglais Écrit,TCH004,STU0073,S1,2023-2024,26,23,5.48,Échoué
CRS00411,Anglais Oral,TCH006,STU0109,S2,2023-2024,55,46,15.79,Réussi
CRS00412,Mécanique,TCH015,STU0109,S2,2023-2024,47,33,11.9,Réussi
CRS00413,Mécanique,TCH006,STU0109,S2,2022-2023,54,46,18.24,Réussi
CRS00414,Mécanique,TCH014,STU0109,S1,2022-2023,60,59,6.33,Échoué
CRS00415,Philosophie Générale,TCH018,STU0109,S1,2022-2023,36,35,9.15,Échoué
CRS00416,Littérature,TCH020,STU0108,S1,2022-2023,21,16,,
CRS00417,Expression Écrite,TCH001,STU0108,S1,2022-2023,37,26,10.29,Réussi
CRS00418,Biologie,TCH012,STU0108,S1,2023-2024,57,42,3.65,Échoué
CRS00419,Philosophie Générale,TCH003,STU0108,S1,2023-2024,40,29,18.18,Réussi
CRS00420,Éducation Physique,TCH010,STU0108,S2,2022-2023,22,22,16.04,Réussi
CRS00421,Anglais Écrit,TCH014,STU0065,S1,2023-2024,46,30,6.08,Échoué
CRS00422,Histoire,TCH013,STU0065,S1,2021-2022,23,13,12.17,Réussi
CRS00423,Géographie,TCH002,STU0065,S2,2021-2022,45,45,6.0,Échoué
CRS00424,Biologie,TCH005,STU0065,S2,2023-2024,41,25,6.73,Échoué
CRS00425,Littérature,TCH005,STU0065,S1,2021-2022,28,19,13.74,Réussi
CRS00426,Géométrie,TCH003,STU0053,S2,2022-2023,37,32,12.37,Réussi
CRS00427,Géographie,TCH012,STU0053,S1,2022-2023,42,36,2.44,Échoué
CRS00428,Dessin Technique,TCH020,STU0053,S1,2021-2022,48,42,,
CRS00429,Anglais Oral,TCH012,STU0053,S1,2022-2023,29,18,2.98,Échoué
CRS00430,Histoire,TCH001,STU0053,S1,2023-2024,41,27,10.48,Réussi
CRS00431,Anglais Oral,TCH018,STU0068,S1,2023-2024,33,27,11.88,Réussi
CRS00432,Expression Écrite,TCH001,STU0068,S1,2022-2023,44,42,,
CRS00433,Biologie,TCH007,STU0068,S2,2023-2024,59,49,2.15,Échoué
CRS00434,Littérature,TCH012,STU0068,S2,2023-2024,26,,13.69,Réussi
CRS00435,Chimie,TCH004,STU0068,S1,2021-2022,40,26,11.01,Réussi
CRS00436,Histoire,TCH008,STU0047,S2,2022-2023,53,46,4.83,Échoué
CRS00437,Géographie,TCH010,STU0047,S2,2021-2022,35,29,3.12,Échoué
CRS00438,Géométrie,TCH018,STU0047,S2,2023-2024,37,32,13.82,Réussi
CRS00439,Géographie,TCH020,STU0047,S2,2022-2023,60,49,4.75,Échoué
CRS00440,Littérature,TCH018,STU0047,S1,2022-2023,28,18,14.31,Réussi
CRS00441,Éducation Physique,TCH017,STU0054,S1,2022-2023,28,28,18.79,Réussi
CRS00442,Expression Écrite,TCH003,STU0054,S1,2022-2023,55,36,17.11,Réussi
CRS00443,Expression Écrite,TCH014,STU0054,S1,2021-2022,46,35,5.38,Échoué
CRS00444,Littérature,TCH020,STU0054,S1,2022-2023,59,53,12.73,Réussi
CRS00445,Expression Écrite,TCH003,STU0054,S2,2022-2023,50,49,13.69,Réussi
CRS00446,Algorithmique,TCH016,STU0015,S1,2022-2023,28,19,,
CRS00447,Éducation Physique,TCH014,STU0015,S2,2023-2024,34,23,3.19,Échoué
CRS00448,Anglais Oral,TCH016,STU0015,S2,2023-2024,40,31,15.97,Réussi
CRS00449,Éducation Physique,TCH011,STU0015,S1,2023-2024,45,45,11.45,Réussi
CRS00450,Mécanique,TCH004,STU0015,S2,2023-2024,48,29,6.42,Échoué
CRS00451,Chimie,TCH002,STU0074,S2,2022-2023,55,53,5.42,Échoué
CRS00452,Mécanique,TCH010,STU0074,S1,2022-2023,49,38,2.98,Échoué
CRS00453,Éducation Physique,TCH015,STU0074,S1,2022-2023,25,16,12.54,Réussi
CRS00454,Éducation Physique,TCH014,STU0074,S1,2022-2023,40,29,18.14,Réussi
CRS00455,Géométrie,TCH003,STU0074,S2,2023-2024,36,26,4.22,Échoué
CRS00456,Anglais Oral,TCH012,STU0036,S1,2022-2023,25,21,19.55,Réussi
CRS00457,Dessin Technique,TCH018,STU0036,S1,2021-2022,44,,8.03,Échoué
CRS00458,Algorithmique,TCH005,STU0036,S2,2022-2023,31,18,7.57,Échoué
CRS00459,Algorithmique,TCH006,STU0036,S2,2021-2022,27,19,,
CRS00460,Chimie,TCH015,STU0036,S1,2021-2022,51,47,12.94,Réussi
CRS00461,Littérature,TCH019,STU0019,S2,2023-2024,50,44,12.8,Réussi
CRS00462,Algèbre,TCH018,STU0019,S1,2021-2022,33,,13.76,Réussi
CRS00463,Biologie,TCH019,STU0019,S1,2021-2022,58,36,,
CRS00464,Expression Écrite,TCH010,STU0019,S2,2023-2024,59,57,16.17,Réussi
CRS00465,Éducation Physique,TCH019,STU0019,S2,2021-2022,43,27,7.81,Échoué
CRS00466,Géographie,TCH014,STU0075,S2,2023-2024,55,48,14.5,Réussi
CRS00467,Philosophie Générale,TCH014,STU0075,S1,2022-2023,53,37,3.97,Échoué
CRS00468,Anglais Oral,TCH020,STU0075,S2,2021-2022,38,32,12.35,Réussi
CRS00469,Expression Écrite,TCH020,STU0075,S1,2023-2024,56,56,10.87,Réussi
CRS00470,Anglais Écrit,TCH010,STU0075,S1,2023-2024,32,,,
CRS00471,Histoire,TCH007,STU0017,S1,2021-2022,59,48,,
CRS00472,Histoire,TCH007,STU0017,S1,2021-2022,38,24,11.12,Réussi
CRS00473,Dessin Technique,TCH011,STU0017,S2,2023-2024,41,24,5.49,Échoué
CRS00474,Chimie,TCH016,STU0017,S2,2022-2023,50,50,4.8,Échoué
CRS00475,Mécanique,TCH014,STU0017,S1,2021-2022,23,17,14.21,Réussi
CRS00476,Dessin Technique,TCH019,STU0012,S1,2022-2023,41,35,4.69,Échoué
CRS00477,Anglais Oral,TCH013,STU0012,S1,2022-2023,60,41,9.01,Échoué
CRS00478,Chimie,TCH011,STU0012,S2,2021-2022,22,14,6.28,Échoué
CRS00479,Éducation Physique,TCH017,STU0012,S1,2022-2023,39,34,16.0,Réussi
CRS00480,Chimie,TCH017,STU0012,S2,2022-2023,21,20,8.12,Échoué
CRS00481,Philosophie Générale,TCH005,STU0013,S1,2022-2023,26,23,4.39,Échoué
CRS00482,Anglais Oral,TCH013,STU0013,S1,2022-2023,53,40,14.37,Réussi
CRS00483,Algorithmique,TCH015,STU0013,S2,2023-2024,22,17,,
CRS00484,Chimie,TCH007,STU0013,S1,2022-2023,40,33,7.74,Échoué
CRS00485,Géométrie,TCH005,STU0013,S1,2023-2024,30,18,12.07,Réussi
CRS00486,Anglais Oral,TCH012,STU0095,S1,2021-2022,55,37,16.47,Réussi
CRS00487,Algèbre,TCH003,STU0095,S2,2023-2024,39,33,2.91,Échoué
CRS00488,Anglais Oral,TCH002,STU0095,S2,2023-2024,26,16,5.22,Échoué
CRS00489,Mécanique,TCH012,STU0095,S1,2022-2023,39,29,14.08,Réussi
CRS00490,Chimie,TCH019,STU0095,S2,2023-2024,28,28,10.43,Réussi
CRS00491,Géographie,TCH015,STU0021,S2,2022-2023,50,37,18.12,Réussi
CRS00492,Chimie,TCH006,STU0021,S1,2022-2023,41,34,2.54,Échoué
CRS00493,Expression Écrite,TCH016,STU0021,S1,2022-2023,49,38,12.88,Réussi
CRS00494,Biologie,TCH004,STU0021,S2,2021-2022,40,26,11.59,Réussi
CRS00495,Dessin Technique,TCH020,STU0021,S2,2022-2023,35,28,8.13,Échoué
CRS00496,Philosophie Générale,TCH019,STU0088,S2,2021-2022,41,31,14.05,Réussi
CRS00497,Géographie,TCH019,STU0088,S2,2021-2022,58,51,10.01,Réussi
CRS00498,Chimie,TCH020,STU0088,S1,2021-2022,26,24,8.82,Échoué
CRS00499,Expression Écrite,TCH007,STU0088,S1,2022-2023,28,28,2.0,Échoué
CRS00500,Histoire,TCH018,STU0088,S2,2023-2024,38,36,14.27,Réussi
